"","powder","media","plating","test","mean_count","mean_spread_percent","mean_count_wNA","SPR","SPRs","temp_media","mean_count2","log_mean_count","log_mean_count_wNA","mean_spread_percent_wNA","SPRs_wNA","SPR_wNA"
"1","A","BHI","Pour","HHR.TSC",50,0,50,"no","none","Pour",50,1.69897000433602,1.69897000433602,0,"none","no"
"2","A","BHI","Pour","SP.MSC",120,0,120,"no","none","Pour",120,2.07918124604762,2.07918124604762,0,"none","no"
"3","A","BHI","Pour","SP.TSC",260,17.5,260,"no","no","Pour",260,2.41497334797082,2.41497334797082,17.5,"no","no"
"4","A","BHI","Pour","STSE",0,0,0,"no","none","Pour",5,0.698970004336019,0.698970004336019,0,"none","no"
"5","A","BHI","Spread","HHR.TSC",0,0,0,"no","none","Spread",10,1,1,0,"none","no"
"6","A","BHI","Spread","SP.MSC",120,0,120,"no","none","Spread",120,2.07918124604762,2.07918124604762,0,"none","no"
"7","A","BHI","Spread","SP.TSC",60,90,60,"yes","yes","Spread",60,1.77815125038364,1.77815125038364,90,"yes","yes"
"8","A","BHI","Spread","STSE",0,0,0,"no","none","Spread",10,1,1,0,"none","no"
"9","A","BHI","SpreadwOverlay","HHR.TSC",40,0,40,"no","none","SpreadwOverlay",40,1.60205999132796,1.60205999132796,0,"none","no"
"10","A","BHI","SpreadwOverlay","SP.MSC",300,0,300,"no","none","SpreadwOverlay",300,2.47712125471966,2.47712125471966,0,"none","no"
"11","A","BHI","SpreadwOverlay","SP.TSC",240,17.5,240,"no","no","SpreadwOverlay",240,2.38021124171161,2.38021124171161,17.5,"no","no"
"12","A","BHI","SpreadwOverlay","STSE",0,0,0,"no","none","SpreadwOverlay",10,1,1,0,"none","no"
"13","A","PCMA","Pour","HHR.TSC",40,0,40,"no","none","Pour",40,1.60205999132796,1.60205999132796,0,"none","no"
"14","A","PCMA","Pour","SP.MSC",150,0,150,"no","none","Pour",150,2.17609125905568,2.17609125905568,0,"none","no"
"15","A","PCMA","Pour","SP.TSC",250,45,250,"yes","yes","Pour",250,2.39794000867204,2.39794000867204,45,"yes","yes"
"16","A","PCMA","Pour","STSE",0,0,0,"no","none","Pour",5,0.698970004336019,0.698970004336019,0,"none","no"
"17","A","PCMA","Spread","HHR.TSC",60,0,60,"no","none","Spread",60,1.77815125038364,1.77815125038364,0,"none","no"
"18","A","PCMA","Spread","SP.MSC",100,15,100,"no","no","Spread",100,2,2,15,"no","no"
"19","A","PCMA","Spread","SP.TSC",140,75,140,"yes","yes","Spread",140,2.14612803567824,2.14612803567824,75,"yes","yes"
"20","A","PCMA","Spread","STSE",0,0,0,"no","none","Spread",10,1,1,0,"none","no"
"21","A","PCMA","SpreadwOverlay","HHR.TSC",20,0,20,"no","none","SpreadwOverlay",20,1.30102999566398,1.30102999566398,0,"none","no"
"22","A","PCMA","SpreadwOverlay","SP.MSC",80,0,80,"no","none","SpreadwOverlay",80,1.90308998699194,1.90308998699194,0,"none","no"
"23","A","PCMA","SpreadwOverlay","SP.TSC",500,5,500,"no","no","SpreadwOverlay",500,2.69897000433602,2.69897000433602,5,"no","no"
"24","A","PCMA","SpreadwOverlay","STSE",0,0,0,"no","none","SpreadwOverlay",10,1,1,0,"none","no"
"25","A","SMA","Pour","HHR.TSC",30,0,30,"no","none","Pour",30,1.47712125471966,1.47712125471966,0,"none","no"
"26","A","SMA","Pour","SP.MSC",180,0,180,"no","none","Pour",180,2.25527250510331,2.25527250510331,0,"none","no"
"27","A","SMA","Pour","SP.TSC",470,7.5,470,"no","no","Pour",470,2.67209785793572,2.67209785793572,7.5,"no","no"
"28","A","SMA","Pour","STSE",0,0,0,"no","none","Pour",5,0.698970004336019,0.698970004336019,0,"none","no"
"29","A","SMA","Spread","HHR.TSC",0,0,0,"no","none","Spread",10,1,1,0,"none","no"
"30","A","SMA","Spread","SP.MSC",120,0,120,"no","none","Spread",120,2.07918124604762,2.07918124604762,0,"none","no"
"31","A","SMA","Spread","SP.TSC",600,5,600,"no","no","Spread",600,2.77815125038364,2.77815125038364,5,"no","no"
"32","A","SMA","Spread","STSE",0,0,0,"no","none","Spread",10,1,1,0,"none","no"
"33","A","SMA","SpreadwOverlay","HHR.TSC",20,0,20,"no","none","SpreadwOverlay",20,1.30102999566398,1.30102999566398,0,"none","no"
"34","A","SMA","SpreadwOverlay","SP.MSC",100,0,100,"no","none","SpreadwOverlay",100,2,2,0,"none","no"
"35","A","SMA","SpreadwOverlay","SP.TSC",500,12.5,500,"no","no","SpreadwOverlay",500,2.69897000433602,2.69897000433602,12.5,"no","no"
"36","A","SMA","SpreadwOverlay","STSE",0,0,0,"no","none","SpreadwOverlay",10,1,1,0,"none","no"
"37","A","TSAwS","Pour","HHR.TSC",70,0,70,"no","none","Pour",70,1.84509804001426,1.84509804001426,0,"none","no"
"38","A","TSAwS","Pour","SP.MSC",110,0,110,"no","none","Pour",110,2.04139268515822,2.04139268515822,0,"none","no"
"39","A","TSAwS","Pour","SP.TSC",340,35,340,"yes","yes","Pour",340,2.53147891704225,2.53147891704225,35,"yes","yes"
"40","A","TSAwS","Pour","STSE",0,0,0,"no","none","Pour",5,0.698970004336019,0.698970004336019,0,"none","no"
"41","A","TSAwS","Spread","HHR.TSC",20,0,20,"no","none","Spread",20,1.30102999566398,1.30102999566398,0,"none","no"
"42","A","TSAwS","Spread","SP.MSC",200,30,200,"yes","yes","Spread",200,2.30102999566398,2.30102999566398,30,"yes","yes"
"43","A","TSAwS","Spread","SP.TSC",80,75,80,"yes","yes","Spread",80,1.90308998699194,1.90308998699194,75,"yes","yes"
"44","A","TSAwS","Spread","STSE",0,0,0,"no","none","Spread",10,1,1,0,"none","no"
"45","A","TSAwS","SpreadwOverlay","HHR.TSC",60,0,60,"no","none","SpreadwOverlay",60,1.77815125038364,1.77815125038364,0,"none","no"
"46","A","TSAwS","SpreadwOverlay","SP.MSC",100,0,100,"no","none","SpreadwOverlay",100,2,2,0,"none","no"
"47","A","TSAwS","SpreadwOverlay","SP.TSC",140,0,140,"no","none","SpreadwOverlay",140,2.14612803567824,2.14612803567824,0,"none","no"
"48","A","TSAwS","SpreadwOverlay","STSE",0,0,0,"no","none","SpreadwOverlay",10,1,1,0,"none","no"
"49","B","BHI","Pour","HHR.TSC",12000,0,12000,"no","none","Pour",12000,4.07918124604763,4.07918124604763,0,"none","no"
"50","B","BHI","Pour","SP.MSC",390,0,390,"no","none","Pour",390,2.5910646070265,2.5910646070265,0,"none","no"
"51","B","BHI","Pour","SP.TSC",157000,0,157000,"no","none","Pour",157000,5.19589965240923,5.19589965240923,0,"none","no"
"52","B","BHI","Pour","STSE",0,0,0,"no","none","Pour",5,0.698970004336019,0.698970004336019,0,"none","no"
"53","B","BHI","Spread","HHR.TSC",180,0,180,"no","none","Spread",180,2.25527250510331,2.25527250510331,0,"none","no"
"54","B","BHI","Spread","SP.MSC",280,0,280,"no","none","Spread",280,2.44715803134222,2.44715803134222,0,"none","no"
"55","B","BHI","Spread","SP.TSC",6000,0,6000,"no","none","Spread",6000,3.77815125038364,3.77815125038364,0,"none","no"
"56","B","BHI","Spread","STSE",0,0,0,"no","none","Spread",10,1,1,0,"none","no"
"57","B","BHI","SpreadwOverlay","HHR.TSC",2680,0,2680,"no","none","SpreadwOverlay",2680,3.42813479402879,3.42813479402879,0,"none","no"
"58","B","BHI","SpreadwOverlay","SP.MSC",300,0,300,"no","none","SpreadwOverlay",300,2.47712125471966,2.47712125471966,0,"none","no"
"59","B","BHI","SpreadwOverlay","SP.TSC",40000,0,40000,"no","none","SpreadwOverlay",40000,4.60205999132796,4.60205999132796,0,"none","no"
"60","B","BHI","SpreadwOverlay","STSE",0,0,0,"no","none","SpreadwOverlay",10,1,1,0,"none","no"
"61","B","PCMA","Pour","HHR.TSC",94000,0,94000,"no","none","Pour",94000,4.9731278535997,4.9731278535997,0,"none","no"
"62","B","PCMA","Pour","SP.MSC",120,0,120,"no","none","Pour",120,2.07918124604762,2.07918124604762,0,"none","no"
"63","B","PCMA","Pour","SP.TSC",442000,0,442000,"no","none","Pour",442000,5.64542226934909,5.64542226934909,0,"none","no"
"64","B","PCMA","Pour","STSE",60,0,60,"no","none","Pour",60,1.77815125038364,1.77815125038364,0,"none","no"
"65","B","PCMA","Spread","HHR.TSC",34000,0,34000,"no","none","Spread",34000,4.53147891704226,4.53147891704226,0,"none","no"
"66","B","PCMA","Spread","SP.MSC",60,0,60,"no","none","Spread",60,1.77815125038364,1.77815125038364,0,"none","no"
"67","B","PCMA","Spread","SP.TSC",474000,0,474000,"no","none","Spread",474000,5.67577834167408,5.67577834167408,0,"none","no"
"68","B","PCMA","Spread","STSE",0,0,0,"no","none","Spread",10,1,1,0,"none","no"
"69","B","PCMA","SpreadwOverlay","HHR.TSC",50000,0,50000,"no","none","SpreadwOverlay",50000,4.69897000433602,4.69897000433602,0,"none","no"
"70","B","PCMA","SpreadwOverlay","SP.MSC",120,0,120,"no","none","SpreadwOverlay",120,2.07918124604762,2.07918124604762,0,"none","no"
"71","B","PCMA","SpreadwOverlay","SP.TSC",402000,0,402000,"no","none","SpreadwOverlay",402000,5.60422605308447,5.60422605308447,0,"none","no"
"72","B","PCMA","SpreadwOverlay","STSE",40,0,40,"no","none","SpreadwOverlay",40,1.60205999132796,1.60205999132796,0,"none","no"
"73","B","SMA","Pour","HHR.TSC",45000,0,45000,"no","none","Pour",45000,4.65321251377534,4.65321251377534,0,"none","no"
"74","B","SMA","Pour","SP.MSC",230,0,230,"no","none","Pour",230,2.36172783601759,2.36172783601759,0,"none","no"
"75","B","SMA","Pour","SP.TSC",341000,0,341000,"no","none","Pour",341000,5.5327543789925,5.5327543789925,0,"none","no"
"76","B","SMA","Pour","STSE",90,0,90,"no","none","Pour",90,1.95424250943932,1.95424250943932,0,"none","no"
"77","B","SMA","Spread","HHR.TSC",62000,0,62000,"no","none","Spread",62000,4.79239168949825,4.79239168949825,0,"none","no"
"78","B","SMA","Spread","SP.MSC",200,0,200,"no","none","Spread",200,2.30102999566398,2.30102999566398,0,"none","no"
"79","B","SMA","Spread","SP.TSC",426000,0,426000,"no","none","Spread",426000,5.62940959910272,5.62940959910272,0,"none","no"
"80","B","SMA","Spread","STSE",40,0,40,"no","none","Spread",40,1.60205999132796,1.60205999132796,0,"none","no"
"81","B","SMA","SpreadwOverlay","HHR.TSC",56000,0,56000,"no","none","SpreadwOverlay",56000,4.7481880270062,4.7481880270062,0,"none","no"
"82","B","SMA","SpreadwOverlay","SP.MSC",280,0,280,"no","none","SpreadwOverlay",280,2.44715803134222,2.44715803134222,0,"none","no"
"83","B","SMA","SpreadwOverlay","SP.TSC",352000,0,352000,"no","none","SpreadwOverlay",352000,5.54654266347813,5.54654266347813,0,"none","no"
"84","B","SMA","SpreadwOverlay","STSE",120,0,120,"no","none","SpreadwOverlay",120,2.07918124604762,2.07918124604762,0,"none","no"
"85","B","TSAwS","Pour","HHR.TSC",22000,0,22000,"no","none","Pour",22000,4.34242268082221,4.34242268082221,0,"none","no"
"86","B","TSAwS","Pour","SP.MSC",210,0,210,"no","none","Pour",210,2.32221929473392,2.32221929473392,0,"none","no"
"87","B","TSAwS","Pour","SP.TSC",181000,0,181000,"no","none","Pour",181000,5.25767857486918,5.25767857486918,0,"none","no"
"88","B","TSAwS","Pour","STSE",0,0,0,"no","none","Pour",5,0.698970004336019,0.698970004336019,0,"none","no"
"89","B","TSAwS","Spread","HHR.TSC",800,0,800,"no","none","Spread",800,2.90308998699194,2.90308998699194,0,"none","no"
"90","B","TSAwS","Spread","SP.MSC",220,0,220,"no","none","Spread",220,2.34242268082221,2.34242268082221,0,"none","no"
"91","B","TSAwS","Spread","SP.TSC",10000,0,10000,"no","none","Spread",10000,4,4,0,"none","no"
"92","B","TSAwS","Spread","STSE",0,0,0,"no","none","Spread",10,1,1,0,"none","no"
"93","B","TSAwS","SpreadwOverlay","HHR.TSC",4000,0,4000,"no","none","SpreadwOverlay",4000,3.60205999132796,3.60205999132796,0,"none","no"
"94","B","TSAwS","SpreadwOverlay","SP.MSC",240,0,240,"no","none","SpreadwOverlay",240,2.38021124171161,2.38021124171161,0,"none","no"
"95","B","TSAwS","SpreadwOverlay","SP.TSC",52000,0,52000,"no","none","SpreadwOverlay",52000,4.7160033436348,4.7160033436348,0,"none","no"
"96","B","TSAwS","SpreadwOverlay","STSE",0,0,0,"no","none","SpreadwOverlay",10,1,1,0,"none","no"
"97","C","BHI","Pour","HHR.TSC",160,0,160,"no","none","Pour",160,2.20411998265592,2.20411998265592,0,"none","no"
"98","C","BHI","Pour","SP.MSC",100,0,100,"no","none","Pour",100,2,2,0,"none","no"
"99","C","BHI","Pour","SP.TSC",540,25,540,"no","no","Pour",540,2.73239375982297,2.73239375982297,25,"no","no"
"100","C","BHI","Pour","STSE",70,0,70,"no","none","Pour",70,1.84509804001426,1.84509804001426,0,"none","no"
"101","C","BHI","Spread","HHR.TSC",0,0,0,"no","none","Spread",10,1,1,0,"none","no"
"102","C","BHI","Spread","SP.MSC",140,7.5,140,"no","no","Spread",140,2.14612803567824,2.14612803567824,7.5,"no","no"
"103","C","BHI","Spread","SP.TSC",80,30,80,"yes","yes","Spread",80,1.90308998699194,1.90308998699194,30,"yes","yes"
"104","C","BHI","Spread","STSE",0,0,0,"no","none","Spread",10,1,1,0,"none","no"
"105","C","BHI","SpreadwOverlay","HHR.TSC",120,0,120,"no","none","SpreadwOverlay",120,2.07918124604762,2.07918124604762,0,"none","no"
"106","C","BHI","SpreadwOverlay","SP.MSC",120,0,120,"no","none","SpreadwOverlay",120,2.07918124604762,2.07918124604762,0,"none","no"
"107","C","BHI","SpreadwOverlay","SP.TSC",160,5,160,"no","no","SpreadwOverlay",160,2.20411998265592,2.20411998265592,5,"no","no"
"108","C","BHI","SpreadwOverlay","STSE",0,0,0,"no","none","SpreadwOverlay",10,1,1,0,"none","no"
"109","C","PCMA","Pour","HHR.TSC",160,0,160,"no","none","Pour",160,2.20411998265592,2.20411998265592,0,"none","no"
"110","C","PCMA","Pour","SP.MSC",80,0,80,"no","none","Pour",80,1.90308998699194,1.90308998699194,0,"none","no"
"111","C","PCMA","Pour","SP.TSC",240,40,240,"yes","yes","Pour",240,2.38021124171161,2.38021124171161,40,"yes","yes"
"112","C","PCMA","Pour","STSE",80,0,80,"no","none","Pour",80,1.90308998699194,1.90308998699194,0,"none","no"
"113","C","PCMA","Spread","HHR.TSC",60,0,60,"no","none","Spread",60,1.77815125038364,1.77815125038364,0,"none","no"
"114","C","PCMA","Spread","SP.MSC",40,0,40,"no","none","Spread",40,1.60205999132796,1.60205999132796,0,"none","no"
"115","C","PCMA","Spread","SP.TSC",160,57.5,160,"yes","yes","Spread",160,2.20411998265592,2.20411998265592,57.5,"yes","yes"
"116","C","PCMA","Spread","STSE",60,0,60,"no","none","Spread",60,1.77815125038364,1.77815125038364,0,"none","no"
"117","C","PCMA","SpreadwOverlay","HHR.TSC",40,0,40,"no","none","SpreadwOverlay",40,1.60205999132796,1.60205999132796,0,"none","no"
"118","C","PCMA","SpreadwOverlay","SP.MSC",100,0,100,"no","none","SpreadwOverlay",100,2,2,0,"none","no"
"119","C","PCMA","SpreadwOverlay","SP.TSC",300,15,300,"no","no","SpreadwOverlay",300,2.47712125471966,2.47712125471966,15,"no","no"
"120","C","PCMA","SpreadwOverlay","STSE",20,0,20,"no","none","SpreadwOverlay",20,1.30102999566398,1.30102999566398,0,"none","no"
"121","C","SMA","Pour","HHR.TSC",250,0,250,"no","none","Pour",250,2.39794000867204,2.39794000867204,0,"none","no"
"122","C","SMA","Pour","SP.MSC",130,0,130,"no","none","Pour",130,2.11394335230684,2.11394335230684,0,"none","no"
"123","C","SMA","Pour","SP.TSC",450,50,450,"yes","yes","Pour",450,2.65321251377534,2.65321251377534,50,"yes","yes"
"124","C","SMA","Pour","STSE",30,0,30,"no","none","Pour",30,1.47712125471966,1.47712125471966,0,"none","no"
"125","C","SMA","Spread","HHR.TSC",220,0,220,"no","none","Spread",220,2.34242268082221,2.34242268082221,0,"none","no"
"126","C","SMA","Spread","SP.MSC",100,0,100,"no","none","Spread",100,2,2,0,"none","no"
"127","C","SMA","Spread","SP.TSC",440,32.5,440,"yes","yes","Spread",440,2.64345267648619,2.64345267648619,32.5,"yes","yes"
"128","C","SMA","Spread","STSE",20,0,20,"no","none","Spread",20,1.30102999566398,1.30102999566398,0,"none","no"
"129","C","SMA","SpreadwOverlay","HHR.TSC",240,0,240,"no","none","SpreadwOverlay",240,2.38021124171161,2.38021124171161,0,"none","no"
"130","C","SMA","SpreadwOverlay","SP.MSC",60,0,60,"no","none","SpreadwOverlay",60,1.77815125038364,1.77815125038364,0,"none","no"
"131","C","SMA","SpreadwOverlay","SP.TSC",440,12.5,440,"no","no","SpreadwOverlay",440,2.64345267648619,2.64345267648619,12.5,"no","no"
"132","C","SMA","SpreadwOverlay","STSE",0,0,0,"no","none","SpreadwOverlay",10,1,1,0,"none","no"
"133","C","TSAwS","Pour","HHR.TSC",300,0,300,"no","none","Pour",300,2.47712125471966,2.47712125471966,0,"none","no"
"134","C","TSAwS","Pour","SP.MSC",150,0,150,"no","none","Pour",150,2.17609125905568,2.17609125905568,0,"none","no"
"135","C","TSAwS","Pour","SP.TSC",50,90,50,"yes","yes","Pour",50,1.69897000433602,1.69897000433602,90,"yes","yes"
"136","C","TSAwS","Pour","STSE",50,0,50,"no","none","Pour",50,1.69897000433602,1.69897000433602,0,"none","no"
"137","C","TSAwS","Spread","HHR.TSC",20,0,20,"no","none","Spread",20,1.30102999566398,1.30102999566398,0,"none","no"
"138","C","TSAwS","Spread","SP.MSC",180,0,180,"no","none","Spread",180,2.25527250510331,2.25527250510331,0,"none","no"
"139","C","TSAwS","Spread","SP.TSC",80,30,80,"yes","yes","Spread",80,1.90308998699194,1.90308998699194,30,"yes","yes"
"140","C","TSAwS","Spread","STSE",20,0,20,"no","none","Spread",20,1.30102999566398,1.30102999566398,0,"none","no"
"141","C","TSAwS","SpreadwOverlay","HHR.TSC",40,0,40,"no","none","SpreadwOverlay",40,1.60205999132796,1.60205999132796,0,"none","no"
"142","C","TSAwS","SpreadwOverlay","SP.MSC",200,0,200,"no","none","SpreadwOverlay",200,2.30102999566398,2.30102999566398,0,"none","no"
"143","C","TSAwS","SpreadwOverlay","SP.TSC",360,85,360,"yes","yes","SpreadwOverlay",360,2.55630250076729,2.55630250076729,85,"yes","yes"
"144","C","TSAwS","SpreadwOverlay","STSE",0,0,0,"no","none","SpreadwOverlay",10,1,1,0,"none","no"
"145","D","BHI","Pour","HHR.TSC",4960,0,4960,"no","none","Pour",4960,3.6954816764902,3.6954816764902,0,"none","no"
"146","D","BHI","Pour","SP.MSC",240,0,240,"no","none","Pour",240,2.38021124171161,2.38021124171161,0,"none","no"
"147","D","BHI","Pour","SP.TSC",11000,0,11000,"no","none","Pour",11000,4.04139268515823,4.04139268515823,0,"none","no"
"148","D","BHI","Pour","STSE",250,0,250,"no","none","Pour",250,2.39794000867204,2.39794000867204,0,"none","no"
"149","D","BHI","Spread","HHR.TSC",500,0,500,"no","none","Spread",500,2.69897000433602,2.69897000433602,0,"none","no"
"150","D","BHI","Spread","SP.MSC",160,0,160,"no","none","Spread",160,2.20411998265592,2.20411998265592,0,"none","no"
"151","D","BHI","Spread","SP.TSC",6920,37.5,6920,"yes","yes","Spread",6920,3.84010609445676,3.84010609445676,37.5,"yes","yes"
"152","D","BHI","Spread","STSE",40,0,40,"no","none","Spread",40,1.60205999132796,1.60205999132796,0,"none","no"
"153","D","BHI","SpreadwOverlay","HHR.TSC",2260,0,2260,"no","none","SpreadwOverlay",2260,3.3541084391474,3.3541084391474,0,"none","no"
"154","D","BHI","SpreadwOverlay","SP.MSC",220,0,220,"no","none","SpreadwOverlay",220,2.34242268082221,2.34242268082221,0,"none","no"
"155","D","BHI","SpreadwOverlay","SP.TSC",6000,0,6000,"no","none","SpreadwOverlay",6000,3.77815125038364,3.77815125038364,0,"none","no"
"156","D","BHI","SpreadwOverlay","STSE",180,0,180,"no","none","SpreadwOverlay",180,2.25527250510331,2.25527250510331,0,"none","no"
"157","D","PCMA","Pour","HHR.TSC",2100,0,2100,"no","none","Pour",2100,3.32221929473392,3.32221929473392,0,"none","no"
"158","D","PCMA","Pour","SP.MSC",80,0,80,"no","none","Pour",80,1.90308998699194,1.90308998699194,0,"none","no"
"159","D","PCMA","Pour","SP.TSC",88000,0,88000,"no","none","Pour",88000,4.94448267215017,4.94448267215017,0,"none","no"
"160","D","PCMA","Pour","STSE",590,0,590,"no","none","Pour",590,2.77085201164214,2.77085201164214,0,"none","no"
"161","D","PCMA","Spread","HHR.TSC",1360,0,1360,"no","none","Spread",1360,3.13353890837022,3.13353890837022,0,"none","no"
"162","D","PCMA","Spread","SP.MSC",200,0,200,"no","none","Spread",200,2.30102999566398,2.30102999566398,0,"none","no"
"163","D","PCMA","Spread","SP.TSC",88000,0,88000,"no","none","Spread",88000,4.94448267215017,4.94448267215017,0,"none","no"
"164","D","PCMA","Spread","STSE",400,0,400,"no","none","Spread",400,2.60205999132796,2.60205999132796,0,"none","no"
"165","D","PCMA","SpreadwOverlay","HHR.TSC",1720,0,1720,"no","none","SpreadwOverlay",1720,3.23552844690755,3.23552844690755,0,"none","no"
"166","D","PCMA","SpreadwOverlay","SP.MSC",120,0,120,"no","none","SpreadwOverlay",120,2.07918124604762,2.07918124604762,0,"none","no"
"167","D","PCMA","SpreadwOverlay","SP.TSC",96000,0,96000,"no","none","SpreadwOverlay",96000,4.98227123303957,4.98227123303957,0,"none","no"
"168","D","PCMA","SpreadwOverlay","STSE",740,0,740,"no","none","SpreadwOverlay",740,2.86923171973098,2.86923171973098,0,"none","no"
"169","D","SMA","Pour","HHR.TSC",8566.66666666667,0,NA,"no","none","Pour",8566.66666666667,3.93281186861163,NA,NA,NA,NA
"170","D","SMA","Pour","SP.MSC",160,0.833333333333333,NA,"no","no","Pour",160,2.20411998265592,NA,NA,NA,NA
"171","D","SMA","Pour","SP.TSC",53521.1111111111,28.0555555555556,NA,"yes","yes","Pour",53521.1111111111,4.72852512091103,NA,NA,NA,NA
"172","D","SMA","Pour","STSE",410,0,NA,"no","none","Pour",410,2.61278385671974,NA,NA,NA,NA
"173","D","SMA","Spread","HHR.TSC",9153.33333333333,5.55555555555556,NA,"no","no","Spread",9153.33333333333,3.96157927818107,NA,NA,NA,NA
"174","D","SMA","Spread","SP.MSC",120,10.5555555555556,NA,"no","no","Spread",120,2.07918124604762,NA,NA,NA,NA
"175","D","SMA","Spread","SP.TSC",60200,13.6111111111111,NA,"no","no","Spread",60200,4.77959649125782,NA,NA,NA,NA
"176","D","SMA","Spread","STSE",268.888888888889,0,NA,"no","none","Spread",268.888888888889,2.42957285654111,NA,NA,NA,NA
"177","D","SMA","SpreadwOverlay","HHR.TSC",8557.77777777778,0,NA,"no","none","SpreadwOverlay",8557.77777777778,3.93236100484739,NA,NA,NA,NA
"178","D","SMA","SpreadwOverlay","SP.MSC",144.444444444444,0,NA,"no","none","SpreadwOverlay",144.444444444444,2.15970084286751,NA,NA,NA,NA
"179","D","SMA","SpreadwOverlay","SP.TSC",50506.6666666667,15.8333333333333,NA,"no","no","SpreadwOverlay",50506.6666666667,4.70334870693954,NA,NA,NA,NA
"180","D","SMA","SpreadwOverlay","STSE",320,0,NA,"no","none","SpreadwOverlay",320,2.50514997831991,NA,NA,NA,NA
"181","D","TSAwS","Pour","HHR.TSC",10000,0,10000,"no","none","Pour",10000,4,4,0,"none","no"
"182","D","TSAwS","Pour","SP.MSC",140,0,140,"no","none","Pour",140,2.14612803567824,2.14612803567824,0,"none","no"
"183","D","TSAwS","Pour","SP.TSC",51000,0,51000,"no","none","Pour",51000,4.70757017609794,4.70757017609794,0,"none","no"
"184","D","TSAwS","Pour","STSE",270,0,270,"no","none","Pour",270,2.43136376415899,2.43136376415899,0,"none","no"
"185","D","TSAwS","Spread","HHR.TSC",2900,0,2900,"no","none","Spread",2900,3.46239799789896,3.46239799789896,0,"none","no"
"186","D","TSAwS","Spread","SP.MSC",160,5,160,"no","no","Spread",160,2.20411998265592,2.20411998265592,5,"no","no"
"187","D","TSAwS","Spread","SP.TSC",18000,5,18000,"no","no","Spread",18000,4.25527250510331,4.25527250510331,5,"no","no"
"188","D","TSAwS","Spread","STSE",120,0,120,"no","none","Spread",120,2.07918124604762,2.07918124604762,0,"none","no"
"189","D","TSAwS","SpreadwOverlay","HHR.TSC",3360,0,3360,"no","none","SpreadwOverlay",3360,3.52633927738984,3.52633927738984,0,"none","no"
"190","D","TSAwS","SpreadwOverlay","SP.MSC",140,0,140,"no","none","SpreadwOverlay",140,2.14612803567824,2.14612803567824,0,"none","no"
"191","D","TSAwS","SpreadwOverlay","SP.TSC",24000,0,24000,"no","none","SpreadwOverlay",24000,4.38021124171161,4.38021124171161,0,"none","no"
"192","D","TSAwS","SpreadwOverlay","STSE",180,0,180,"no","none","SpreadwOverlay",180,2.25527250510331,2.25527250510331,0,"none","no"
"193","E","BHI","Pour","HHR.TSC",250,0,250,"no","none","Pour",250,2.39794000867204,2.39794000867204,0,"none","no"
"194","E","BHI","Pour","SP.MSC",540,0,540,"no","none","Pour",540,2.73239375982297,2.73239375982297,0,"none","no"
"195","E","BHI","Pour","SP.TSC",2050,37.5,2050,"yes","yes","Pour",2050,3.31175386105575,3.31175386105575,37.5,"yes","yes"
"196","E","BHI","Pour","STSE",10,10,10,"no","no","Pour",10,1,1,10,"no","no"
"197","E","BHI","Spread","HHR.TSC",0,0,0,"no","none","Spread",10,1,1,0,"none","no"
"198","E","BHI","Spread","SP.MSC",160,55,160,"yes","yes","Spread",160,2.20411998265592,2.20411998265592,55,"yes","yes"
"199","E","BHI","Spread","SP.TSC",100,80,100,"yes","yes","Spread",100,2,2,80,"yes","yes"
"200","E","BHI","Spread","STSE",0,0,0,"no","none","Spread",10,1,1,0,"none","no"
"201","E","BHI","SpreadwOverlay","HHR.TSC",60,0,60,"no","none","SpreadwOverlay",60,1.77815125038364,1.77815125038364,0,"none","no"
"202","E","BHI","SpreadwOverlay","SP.MSC",440,17.5,440,"no","no","SpreadwOverlay",440,2.64345267648619,2.64345267648619,17.5,"no","no"
"203","E","BHI","SpreadwOverlay","SP.TSC",620,25,620,"no","no","SpreadwOverlay",620,2.79239168949825,2.79239168949825,25,"no","no"
"204","E","BHI","SpreadwOverlay","STSE",0,0,0,"no","none","SpreadwOverlay",10,1,1,0,"none","no"
"205","E","PCMA","Pour","HHR.TSC",640,0,640,"no","none","Pour",640,2.80617997398389,2.80617997398389,0,"none","no"
"206","E","PCMA","Pour","SP.MSC",240,35,240,"yes","yes","Pour",240,2.38021124171161,2.38021124171161,35,"yes","yes"
"207","E","PCMA","Pour","SP.TSC",1330,77.5,1330,"yes","yes","Pour",1330,3.12385164096709,3.12385164096709,77.5,"yes","yes"
"208","E","PCMA","Pour","STSE",0,0,0,"no","none","Pour",5,0.698970004336019,0.698970004336019,0,"none","no"
"209","E","PCMA","Spread","HHR.TSC",140,0,140,"no","none","Spread",140,2.14612803567824,2.14612803567824,0,"none","no"
"210","E","PCMA","Spread","SP.MSC",320,15,320,"no","no","Spread",320,2.50514997831991,2.50514997831991,15,"no","no"
"211","E","PCMA","Spread","SP.TSC",500,92.5,500,"yes","yes","Spread",500,2.69897000433602,2.69897000433602,92.5,"yes","yes"
"212","E","PCMA","Spread","STSE",0,0,0,"no","none","Spread",10,1,1,0,"none","no"
"213","E","PCMA","SpreadwOverlay","HHR.TSC",280,0,280,"no","none","SpreadwOverlay",280,2.44715803134222,2.44715803134222,0,"none","no"
"214","E","PCMA","SpreadwOverlay","SP.MSC",440,0,440,"no","none","SpreadwOverlay",440,2.64345267648619,2.64345267648619,0,"none","no"
"215","E","PCMA","SpreadwOverlay","SP.TSC",40,97.5,40,"yes","yes","SpreadwOverlay",40,1.60205999132796,1.60205999132796,97.5,"yes","yes"
"216","E","PCMA","SpreadwOverlay","STSE",0,0,0,"no","none","SpreadwOverlay",10,1,1,0,"none","no"
"217","E","SMA","Pour","HHR.TSC",650,0,650,"no","none","Pour",650,2.81291335664286,2.81291335664286,0,"none","no"
"218","E","SMA","Pour","SP.MSC",390,0,390,"no","none","Pour",390,2.5910646070265,2.5910646070265,0,"none","no"
"219","E","SMA","Pour","SP.TSC",2110,70,2110,"yes","yes","Pour",2110,3.32428245529769,3.32428245529769,70,"yes","yes"
"220","E","SMA","Pour","STSE",0,0,0,"no","none","Pour",5,0.698970004336019,0.698970004336019,0,"none","no"
"221","E","SMA","Spread","HHR.TSC",220,0,220,"no","none","Spread",220,2.34242268082221,2.34242268082221,0,"none","no"
"222","E","SMA","Spread","SP.MSC",340,45,340,"yes","yes","Spread",340,2.53147891704225,2.53147891704225,45,"yes","yes"
"223","E","SMA","Spread","SP.TSC",4120,45,4120,"yes","yes","Spread",4120,3.61489721603313,3.61489721603313,45,"yes","yes"
"224","E","SMA","Spread","STSE",0,0,0,"no","none","Spread",10,1,1,0,"none","no"
"225","E","SMA","SpreadwOverlay","HHR.TSC",260,0,260,"no","none","SpreadwOverlay",260,2.41497334797082,2.41497334797082,0,"none","no"
"226","E","SMA","SpreadwOverlay","SP.MSC",500,0,500,"no","none","SpreadwOverlay",500,2.69897000433602,2.69897000433602,0,"none","no"
"227","E","SMA","SpreadwOverlay","SP.TSC",3700,45,3700,"yes","yes","SpreadwOverlay",3700,3.56820172406699,3.56820172406699,45,"yes","yes"
"228","E","SMA","SpreadwOverlay","STSE",0,0,0,"no","none","SpreadwOverlay",10,1,1,0,"none","no"
"229","E","TSAwS","Pour","HHR.TSC",530,0,530,"no","none","Pour",530,2.72427586960079,2.72427586960079,0,"none","no"
"230","E","TSAwS","Pour","SP.MSC",500,0,500,"no","none","Pour",500,2.69897000433602,2.69897000433602,0,"none","no"
"231","E","TSAwS","Pour","SP.TSC",8000,0,8000,"no","none","Pour",8000,3.90308998699194,3.90308998699194,0,"none","no"
"232","E","TSAwS","Pour","STSE",0,0,0,"no","none","Pour",5,0.698970004336019,0.698970004336019,0,"none","no"
"233","E","TSAwS","Spread","HHR.TSC",40,0,40,"no","none","Spread",40,1.60205999132796,1.60205999132796,0,"none","no"
"234","E","TSAwS","Spread","SP.MSC",160,45,160,"yes","yes","Spread",160,2.20411998265592,2.20411998265592,45,"yes","yes"
"235","E","TSAwS","Spread","SP.TSC",2000,0,2000,"no","none","Spread",2000,3.30102999566398,3.30102999566398,0,"none","no"
"236","E","TSAwS","Spread","STSE",0,0,0,"no","none","Spread",10,1,1,0,"none","no"
"237","E","TSAwS","SpreadwOverlay","HHR.TSC",140,0,140,"no","none","SpreadwOverlay",140,2.14612803567824,2.14612803567824,0,"none","no"
"238","E","TSAwS","SpreadwOverlay","SP.MSC",400,0,400,"no","none","SpreadwOverlay",400,2.60205999132796,2.60205999132796,0,"none","no"
"239","E","TSAwS","SpreadwOverlay","SP.TSC",260,37.5,260,"yes","yes","SpreadwOverlay",260,2.41497334797082,2.41497334797082,37.5,"yes","yes"
"240","E","TSAwS","SpreadwOverlay","STSE",0,0,0,"no","none","SpreadwOverlay",10,1,1,0,"none","no"
"241","F","BHI","Pour","HHR.TSC",8000,0,8000,"no","none","Pour",8000,3.90308998699194,3.90308998699194,0,"none","no"
"242","F","BHI","Pour","SP.MSC",90,0,90,"no","none","Pour",90,1.95424250943932,1.95424250943932,0,"none","no"
"243","F","BHI","Pour","SP.TSC",14000,0,14000,"no","none","Pour",14000,4.14612803567824,4.14612803567824,0,"none","no"
"244","F","BHI","Pour","STSE",4070,0,4070,"no","none","Pour",4070,3.60959440922522,3.60959440922522,0,"none","no"
"245","F","BHI","Spread","HHR.TSC",1800,0,1800,"no","none","Spread",1800,3.25527250510331,3.25527250510331,0,"none","no"
"246","F","BHI","Spread","SP.MSC",120,5,120,"no","no","Spread",120,2.07918124604762,2.07918124604762,5,"no","no"
"247","F","BHI","Spread","SP.TSC",12000,0,12000,"no","none","Spread",12000,4.07918124604763,4.07918124604763,0,"none","no"
"248","F","BHI","Spread","STSE",500,0,500,"no","none","Spread",500,2.69897000433602,2.69897000433602,0,"none","no"
"249","F","BHI","SpreadwOverlay","HHR.TSC",7820,0,7820,"no","none","SpreadwOverlay",7820,3.89320675305985,3.89320675305985,0,"none","no"
"250","F","BHI","SpreadwOverlay","SP.MSC",160,0,160,"no","none","SpreadwOverlay",160,2.20411998265592,2.20411998265592,0,"none","no"
"251","F","BHI","SpreadwOverlay","SP.TSC",6400,0,6400,"no","none","SpreadwOverlay",6400,3.80617997398389,3.80617997398389,0,"none","no"
"252","F","BHI","SpreadwOverlay","STSE",1420,0,1420,"no","none","SpreadwOverlay",1420,3.15228834438306,3.15228834438306,0,"none","no"
"253","F","PCMA","Pour","HHR.TSC",22000,0,22000,"no","none","Pour",22000,4.34242268082221,4.34242268082221,0,"none","no"
"254","F","PCMA","Pour","SP.MSC",50,0,50,"no","none","Pour",50,1.69897000433602,1.69897000433602,0,"none","no"
"255","F","PCMA","Pour","SP.TSC",39000,0,39000,"no","none","Pour",39000,4.5910646070265,4.5910646070265,0,"none","no"
"256","F","PCMA","Pour","STSE",5600,0,5600,"no","none","Pour",5600,3.7481880270062,3.7481880270062,0,"none","no"
"257","F","PCMA","Spread","HHR.TSC",2620,0,2620,"no","none","Spread",2620,3.41830129131975,3.41830129131975,0,"none","no"
"258","F","PCMA","Spread","SP.MSC",20,50,20,"yes","yes","Spread",20,1.30102999566398,1.30102999566398,50,"yes","yes"
"259","F","PCMA","Spread","SP.TSC",2560,12.5,2560,"no","no","Spread",2560,3.40823996531185,3.40823996531185,12.5,"no","no"
"260","F","PCMA","Spread","STSE",2500,0,2500,"no","none","Spread",2500,3.39794000867204,3.39794000867204,0,"none","no"
"261","F","PCMA","SpreadwOverlay","HHR.TSC",3820,0,3820,"no","none","SpreadwOverlay",3820,3.58206336291171,3.58206336291171,0,"none","no"
"262","F","PCMA","SpreadwOverlay","SP.MSC",20,0,20,"no","none","SpreadwOverlay",20,1.30102999566398,1.30102999566398,0,"none","no"
"263","F","PCMA","SpreadwOverlay","SP.TSC",4520,15,4520,"no","no","SpreadwOverlay",4520,3.65513843481138,3.65513843481138,15,"no","no"
"264","F","PCMA","SpreadwOverlay","STSE",2180,0,2180,"no","none","SpreadwOverlay",2180,3.3384564936046,3.3384564936046,0,"none","no"
"265","F","SMA","Pour","HHR.TSC",6530,0,6530,"no","none","Pour",6530,3.81491318127507,3.81491318127507,0,"none","no"
"266","F","SMA","Pour","SP.MSC",60,0,60,"no","none","Pour",60,1.77815125038364,1.77815125038364,0,"none","no"
"267","F","SMA","Pour","SP.TSC",5000,0,5000,"no","none","Pour",5000,3.69897000433602,3.69897000433602,0,"none","no"
"268","F","SMA","Pour","STSE",2300,0,2300,"no","none","Pour",2300,3.36172783601759,3.36172783601759,0,"none","no"
"269","F","SMA","Spread","HHR.TSC",3840,0,3840,"no","none","Spread",3840,3.58433122436753,3.58433122436753,0,"none","no"
"270","F","SMA","Spread","SP.MSC",40,0,40,"no","none","Spread",40,1.60205999132796,1.60205999132796,0,"none","no"
"271","F","SMA","Spread","SP.TSC",3520,10,3520,"no","no","Spread",3520,3.54654266347813,3.54654266347813,10,"no","no"
"272","F","SMA","Spread","STSE",1700,0,1700,"no","none","Spread",1700,3.23044892137827,3.23044892137827,0,"none","no"
"273","F","SMA","SpreadwOverlay","HHR.TSC",5440,0,5440,"no","none","SpreadwOverlay",5440,3.73559889969818,3.73559889969818,0,"none","no"
"274","F","SMA","SpreadwOverlay","SP.MSC",80,0,80,"no","none","SpreadwOverlay",80,1.90308998699194,1.90308998699194,0,"none","no"
"275","F","SMA","SpreadwOverlay","SP.TSC",7160,0,7160,"no","none","SpreadwOverlay",7160,3.85491302230786,3.85491302230786,0,"none","no"
"276","F","SMA","SpreadwOverlay","STSE",1580,0,1580,"no","none","SpreadwOverlay",1580,3.19865708695442,3.19865708695442,0,"none","no"
"277","F","TSAwS","Pour","HHR.TSC",8000,0,8000,"no","none","Pour",8000,3.90308998699194,3.90308998699194,0,"none","no"
"278","F","TSAwS","Pour","SP.MSC",170,0,170,"no","none","Pour",170,2.23044892137827,2.23044892137827,0,"none","no"
"279","F","TSAwS","Pour","SP.TSC",13000,0,13000,"no","none","Pour",13000,4.11394335230684,4.11394335230684,0,"none","no"
"280","F","TSAwS","Pour","STSE",1800,0,1800,"no","none","Pour",1800,3.25527250510331,3.25527250510331,0,"none","no"
"281","F","TSAwS","Spread","HHR.TSC",4960,0,4960,"no","none","Spread",4960,3.6954816764902,3.6954816764902,0,"none","no"
"282","F","TSAwS","Spread","SP.MSC",100,0,100,"no","none","Spread",100,2,2,0,"none","no"
"283","F","TSAwS","Spread","SP.TSC",1680,0,1680,"no","none","Spread",1680,3.22530928172586,3.22530928172586,0,"none","no"
"284","F","TSAwS","Spread","STSE",660,0,660,"no","none","Spread",660,2.81954393554187,2.81954393554187,0,"none","no"
"285","F","TSAwS","SpreadwOverlay","HHR.TSC",4220,0,4220,"no","none","SpreadwOverlay",4220,3.62531245096167,3.62531245096167,0,"none","no"
"286","F","TSAwS","SpreadwOverlay","SP.MSC",160,0,160,"no","none","SpreadwOverlay",160,2.20411998265592,2.20411998265592,0,"none","no"
"287","F","TSAwS","SpreadwOverlay","SP.TSC",2900,10,2900,"no","no","SpreadwOverlay",2900,3.46239799789896,3.46239799789896,10,"no","no"
"288","F","TSAwS","SpreadwOverlay","STSE",3540,0,3540,"no","none","SpreadwOverlay",3540,3.54900326202579,3.54900326202579,0,"none","no"
"289","G","BHI","Pour","HHR.TSC",1740,0,1740,"no","none","Pour",1740,3.2405492482826,3.2405492482826,0,"none","no"
"290","G","BHI","Pour","SP.MSC",420,0,420,"no","none","Pour",420,2.6232492903979,2.6232492903979,0,"none","no"
"291","G","BHI","Pour","SP.TSC",5000,0,5000,"no","none","Pour",5000,3.69897000433602,3.69897000433602,0,"none","no"
"292","G","BHI","Pour","STSE",380,0,380,"no","none","Pour",380,2.57978359661681,2.57978359661681,0,"none","no"
"293","G","BHI","Spread","HHR.TSC",20,0,20,"no","none","Spread",20,1.30102999566398,1.30102999566398,0,"none","no"
"294","G","BHI","Spread","SP.MSC",340,7.5,340,"no","no","Spread",340,2.53147891704225,2.53147891704225,7.5,"no","no"
"295","G","BHI","Spread","SP.TSC",600,20,600,"no","no","Spread",600,2.77815125038364,2.77815125038364,20,"no","no"
"296","G","BHI","Spread","STSE",0,0,0,"no","none","Spread",10,1,1,0,"none","no"
"297","G","BHI","SpreadwOverlay","HHR.TSC",20,0,20,"no","none","SpreadwOverlay",20,1.30102999566398,1.30102999566398,0,"none","no"
"298","G","BHI","SpreadwOverlay","SP.MSC",460,0,460,"no","none","SpreadwOverlay",460,2.66275783168157,2.66275783168157,0,"none","no"
"299","G","BHI","SpreadwOverlay","SP.TSC",2780,0,2780,"no","none","SpreadwOverlay",2780,3.44404479591808,3.44404479591808,0,"none","no"
"300","G","BHI","SpreadwOverlay","STSE",0,0,0,"no","none","SpreadwOverlay",10,1,1,0,"none","no"
"301","G","PCMA","Pour","HHR.TSC",3390,0,3390,"no","none","Pour",3390,3.53019969820308,3.53019969820308,0,"none","no"
"302","G","PCMA","Pour","SP.MSC",200,0,200,"no","none","Pour",200,2.30102999566398,2.30102999566398,0,"none","no"
"303","G","PCMA","Pour","SP.TSC",56000,0,56000,"no","none","Pour",56000,4.7481880270062,4.7481880270062,0,"none","no"
"304","G","PCMA","Pour","STSE",730,0,730,"no","none","Pour",730,2.86332286012046,2.86332286012046,0,"none","no"
"305","G","PCMA","Spread","HHR.TSC",1320,0,1320,"no","none","Spread",1320,3.12057393120585,3.12057393120585,0,"none","no"
"306","G","PCMA","Spread","SP.MSC",140,0,140,"no","none","Spread",140,2.14612803567824,2.14612803567824,0,"none","no"
"307","G","PCMA","Spread","SP.TSC",58000,0,58000,"no","none","Spread",58000,4.76342799356294,4.76342799356294,0,"none","no"
"308","G","PCMA","Spread","STSE",120,0,120,"no","none","Spread",120,2.07918124604762,2.07918124604762,0,"none","no"
"309","G","PCMA","SpreadwOverlay","HHR.TSC",960,0,960,"no","none","SpreadwOverlay",960,2.98227123303957,2.98227123303957,0,"none","no"
"310","G","PCMA","SpreadwOverlay","SP.MSC",60,0,60,"no","none","SpreadwOverlay",60,1.77815125038364,1.77815125038364,0,"none","no"
"311","G","PCMA","SpreadwOverlay","SP.TSC",34000,0,34000,"no","none","SpreadwOverlay",34000,4.53147891704226,4.53147891704226,0,"none","no"
"312","G","PCMA","SpreadwOverlay","STSE",60,0,60,"no","none","SpreadwOverlay",60,1.77815125038364,1.77815125038364,0,"none","no"
"313","G","SMA","Pour","HHR.TSC",1700,0,1700,"no","none","Pour",1700,3.23044892137827,3.23044892137827,0,"none","no"
"314","G","SMA","Pour","SP.MSC",200,0,200,"no","none","Pour",200,2.30102999566398,2.30102999566398,0,"none","no"
"315","G","SMA","Pour","SP.TSC",41000,0,41000,"no","none","Pour",41000,4.61278385671974,4.61278385671974,0,"none","no"
"316","G","SMA","Pour","STSE",110,0,110,"no","none","Pour",110,2.04139268515822,2.04139268515822,0,"none","no"
"317","G","SMA","Spread","HHR.TSC",1020,0,1020,"no","none","Spread",1020,3.00860017176192,3.00860017176192,0,"none","no"
"318","G","SMA","Spread","SP.MSC",80,0,80,"no","none","Spread",80,1.90308998699194,1.90308998699194,0,"none","no"
"319","G","SMA","Spread","SP.TSC",14000,0,14000,"no","none","Spread",14000,4.14612803567824,4.14612803567824,0,"none","no"
"320","G","SMA","Spread","STSE",60,0,60,"no","none","Spread",60,1.77815125038364,1.77815125038364,0,"none","no"
"321","G","SMA","SpreadwOverlay","HHR.TSC",2920,0,2920,"no","none","SpreadwOverlay",2920,3.46538285144842,3.46538285144842,0,"none","no"
"322","G","SMA","SpreadwOverlay","SP.MSC",100,0,100,"no","none","SpreadwOverlay",100,2,2,0,"none","no"
"323","G","SMA","SpreadwOverlay","SP.TSC",20000,0,20000,"no","none","SpreadwOverlay",20000,4.30102999566398,4.30102999566398,0,"none","no"
"324","G","SMA","SpreadwOverlay","STSE",60,0,60,"no","none","SpreadwOverlay",60,1.77815125038364,1.77815125038364,0,"none","no"
"325","G","TSAwS","Pour","HHR.TSC",2160,0,2160,"no","none","Pour",2160,3.33445375115093,3.33445375115093,0,"none","no"
"326","G","TSAwS","Pour","SP.MSC",370,0,370,"no","none","Pour",370,2.56820172406699,2.56820172406699,0,"none","no"
"327","G","TSAwS","Pour","SP.TSC",12000,0,12000,"no","none","Pour",12000,4.07918124604763,4.07918124604763,0,"none","no"
"328","G","TSAwS","Pour","STSE",220,0,220,"no","none","Pour",220,2.34242268082221,2.34242268082221,0,"none","no"
"329","G","TSAwS","Spread","HHR.TSC",280,0,280,"no","none","Spread",280,2.44715803134222,2.44715803134222,0,"none","no"
"330","G","TSAwS","Spread","SP.MSC",300,7.5,300,"no","no","Spread",300,2.47712125471966,2.47712125471966,7.5,"no","no"
"331","G","TSAwS","Spread","SP.TSC",1420,55,1420,"yes","yes","Spread",1420,3.15228834438306,3.15228834438306,55,"yes","yes"
"332","G","TSAwS","Spread","STSE",0,0,0,"no","none","Spread",10,1,1,0,"none","no"
"333","G","TSAwS","SpreadwOverlay","HHR.TSC",560,0,560,"no","none","SpreadwOverlay",560,2.7481880270062,2.7481880270062,0,"none","no"
"334","G","TSAwS","SpreadwOverlay","SP.MSC",340,0,340,"no","none","SpreadwOverlay",340,2.53147891704225,2.53147891704225,0,"none","no"
"335","G","TSAwS","SpreadwOverlay","SP.TSC",10000,0,10000,"no","none","SpreadwOverlay",10000,4,4,0,"none","no"
"336","G","TSAwS","SpreadwOverlay","STSE",160,0,160,"no","none","SpreadwOverlay",160,2.20411998265592,2.20411998265592,0,"none","no"
"337","H","BHI","Pour","HHR.TSC",210,0,210,"no","none","Pour",210,2.32221929473392,2.32221929473392,0,"none","no"
"338","H","BHI","Pour","SP.MSC",170,0,170,"no","none","Pour",170,2.23044892137827,2.23044892137827,0,"none","no"
"339","H","BHI","Pour","SP.TSC",380,20,380,"no","no","Pour",380,2.57978359661681,2.57978359661681,20,"no","no"
"340","H","BHI","Pour","STSE",20,0,20,"no","none","Pour",20,1.30102999566398,1.30102999566398,0,"none","no"
"341","H","BHI","Spread","HHR.TSC",0,0,0,"no","none","Spread",10,1,1,0,"none","no"
"342","H","BHI","Spread","SP.MSC",200,0,200,"no","none","Spread",200,2.30102999566398,2.30102999566398,0,"none","no"
"343","H","BHI","Spread","SP.TSC",200,30,200,"yes","yes","Spread",200,2.30102999566398,2.30102999566398,30,"yes","yes"
"344","H","BHI","Spread","STSE",0,0,0,"no","none","Spread",10,1,1,0,"none","no"
"345","H","BHI","SpreadwOverlay","HHR.TSC",0,0,0,"no","none","SpreadwOverlay",10,1,1,0,"none","no"
"346","H","BHI","SpreadwOverlay","SP.MSC",160,0,160,"no","none","SpreadwOverlay",160,2.20411998265592,2.20411998265592,0,"none","no"
"347","H","BHI","SpreadwOverlay","SP.TSC",140,12.5,140,"no","no","SpreadwOverlay",140,2.14612803567824,2.14612803567824,12.5,"no","no"
"348","H","BHI","SpreadwOverlay","STSE",20,0,20,"no","none","SpreadwOverlay",20,1.30102999566398,1.30102999566398,0,"none","no"
"349","H","PCMA","Pour","HHR.TSC",100,0,100,"no","none","Pour",100,2,2,0,"none","no"
"350","H","PCMA","Pour","SP.MSC",100,0,100,"no","none","Pour",100,2,2,0,"none","no"
"351","H","PCMA","Pour","SP.TSC",80,92.5,80,"yes","yes","Pour",80,1.90308998699194,1.90308998699194,92.5,"yes","yes"
"352","H","PCMA","Pour","STSE",20,0,20,"no","none","Pour",20,1.30102999566398,1.30102999566398,0,"none","no"
"353","H","PCMA","Spread","HHR.TSC",120,0,120,"no","none","Spread",120,2.07918124604762,2.07918124604762,0,"none","no"
"354","H","PCMA","Spread","SP.MSC",120,0,120,"no","none","Spread",120,2.07918124604762,2.07918124604762,0,"none","no"
"355","H","PCMA","Spread","SP.TSC",80,27.5,80,"yes","yes","Spread",80,1.90308998699194,1.90308998699194,27.5,"yes","yes"
"356","H","PCMA","Spread","STSE",40,0,40,"no","none","Spread",40,1.60205999132796,1.60205999132796,0,"none","no"
"357","H","PCMA","SpreadwOverlay","HHR.TSC",120,0,120,"no","none","SpreadwOverlay",120,2.07918124604762,2.07918124604762,0,"none","no"
"358","H","PCMA","SpreadwOverlay","SP.MSC",80,0,80,"no","none","SpreadwOverlay",80,1.90308998699194,1.90308998699194,0,"none","no"
"359","H","PCMA","SpreadwOverlay","SP.TSC",480,0,480,"no","none","SpreadwOverlay",480,2.68124123737559,2.68124123737559,0,"none","no"
"360","H","PCMA","SpreadwOverlay","STSE",100,0,100,"no","none","SpreadwOverlay",100,2,2,0,"none","no"
"361","H","SMA","Pour","HHR.TSC",410,0,410,"no","none","Pour",410,2.61278385671974,2.61278385671974,0,"none","no"
"362","H","SMA","Pour","SP.MSC",80,0,80,"no","none","Pour",80,1.90308998699194,1.90308998699194,0,"none","no"
"363","H","SMA","Pour","SP.TSC",400,35,400,"yes","yes","Pour",400,2.60205999132796,2.60205999132796,35,"yes","yes"
"364","H","SMA","Pour","STSE",50,0,50,"no","none","Pour",50,1.69897000433602,1.69897000433602,0,"none","no"
"365","H","SMA","Spread","HHR.TSC",200,50,200,"yes","yes","Spread",200,2.30102999566398,2.30102999566398,50,"yes","yes"
"366","H","SMA","Spread","SP.MSC",40,0,40,"no","none","Spread",40,1.60205999132796,1.60205999132796,0,"none","no"
"367","H","SMA","Spread","SP.TSC",200,30,200,"yes","yes","Spread",200,2.30102999566398,2.30102999566398,30,"yes","yes"
"368","H","SMA","Spread","STSE",120,0,120,"no","none","Spread",120,2.07918124604762,2.07918124604762,0,"none","no"
"369","H","SMA","SpreadwOverlay","HHR.TSC",580,0,580,"no","none","SpreadwOverlay",580,2.76342799356294,2.76342799356294,0,"none","no"
"370","H","SMA","SpreadwOverlay","SP.MSC",120,0,120,"no","none","SpreadwOverlay",120,2.07918124604762,2.07918124604762,0,"none","no"
"371","H","SMA","SpreadwOverlay","SP.TSC",300,60,300,"yes","yes","SpreadwOverlay",300,2.47712125471966,2.47712125471966,60,"yes","yes"
"372","H","SMA","SpreadwOverlay","STSE",140,0,140,"no","none","SpreadwOverlay",140,2.14612803567824,2.14612803567824,0,"none","no"
"373","H","TSAwS","Pour","HHR.TSC",170,0,170,"no","none","Pour",170,2.23044892137827,2.23044892137827,0,"none","no"
"374","H","TSAwS","Pour","SP.MSC",200,0,200,"no","none","Pour",200,2.30102999566398,2.30102999566398,0,"none","no"
"375","H","TSAwS","Pour","SP.TSC",500,47.5,500,"yes","yes","Pour",500,2.69897000433602,2.69897000433602,47.5,"yes","yes"
"376","H","TSAwS","Pour","STSE",20,0,20,"no","none","Pour",20,1.30102999566398,1.30102999566398,0,"none","no"
"377","H","TSAwS","Spread","HHR.TSC",20,0,20,"no","none","Spread",20,1.30102999566398,1.30102999566398,0,"none","no"
"378","H","TSAwS","Spread","SP.MSC",100,10,100,"no","no","Spread",100,2,2,10,"no","no"
"379","H","TSAwS","Spread","SP.TSC",140,47.5,140,"yes","yes","Spread",140,2.14612803567824,2.14612803567824,47.5,"yes","yes"
"380","H","TSAwS","Spread","STSE",0,0,0,"no","none","Spread",10,1,1,0,"none","no"
"381","H","TSAwS","SpreadwOverlay","HHR.TSC",100,0,100,"no","none","SpreadwOverlay",100,2,2,0,"none","no"
"382","H","TSAwS","SpreadwOverlay","SP.MSC",140,5,140,"no","no","SpreadwOverlay",140,2.14612803567824,2.14612803567824,5,"no","no"
"383","H","TSAwS","SpreadwOverlay","SP.TSC",280,0,280,"no","none","SpreadwOverlay",280,2.44715803134222,2.44715803134222,0,"none","no"
"384","H","TSAwS","SpreadwOverlay","STSE",0,0,0,"no","none","SpreadwOverlay",10,1,1,0,"none","no"
"385","I","BHI","Pour","HHR.TSC",3000,0,3000,"no","none","Pour",3000,3.47712125471966,3.47712125471966,0,"none","no"
"386","I","BHI","Pour","SP.MSC",160,0,160,"no","none","Pour",160,2.20411998265592,2.20411998265592,0,"none","no"
"387","I","BHI","Pour","SP.TSC",11000,0,11000,"no","none","Pour",11000,4.04139268515823,4.04139268515823,0,"none","no"
"388","I","BHI","Pour","STSE",10,0,10,"no","none","Pour",10,1,1,0,"none","no"
"389","I","BHI","Spread","HHR.TSC",0,0,0,"no","none","Spread",10,1,1,0,"none","no"
"390","I","BHI","Spread","SP.MSC",120,0,120,"no","none","Spread",120,2.07918124604762,2.07918124604762,0,"none","no"
"391","I","BHI","Spread","SP.TSC",1180,5,1180,"no","no","Spread",1180,3.07188200730613,3.07188200730613,5,"no","no"
"392","I","BHI","Spread","STSE",0,0,0,"no","none","Spread",10,1,1,0,"none","no"
"393","I","BHI","SpreadwOverlay","HHR.TSC",140,0,140,"no","none","SpreadwOverlay",140,2.14612803567824,2.14612803567824,0,"none","no"
"394","I","BHI","SpreadwOverlay","SP.MSC",160,0,160,"no","none","SpreadwOverlay",160,2.20411998265592,2.20411998265592,0,"none","no"
"395","I","BHI","SpreadwOverlay","SP.TSC",5580,0,5580,"no","none","SpreadwOverlay",5580,3.74663419893758,3.74663419893758,0,"none","no"
"396","I","BHI","SpreadwOverlay","STSE",0,0,0,"no","none","SpreadwOverlay",10,1,1,0,"none","no"
"397","I","PCMA","Pour","HHR.TSC",38000,0,38000,"no","none","Pour",38000,4.57978359661681,4.57978359661681,0,"none","no"
"398","I","PCMA","Pour","SP.MSC",90,5,90,"no","no","Pour",90,1.95424250943932,1.95424250943932,5,"no","no"
"399","I","PCMA","Pour","SP.TSC",191000,0,191000,"no","none","Pour",191000,5.28103336724773,5.28103336724773,0,"none","no"
"400","I","PCMA","Pour","STSE",330,0,330,"no","none","Pour",330,2.51851393987789,2.51851393987789,0,"none","no"
"401","I","PCMA","Spread","HHR.TSC",20000,0,20000,"no","none","Spread",20000,4.30102999566398,4.30102999566398,0,"none","no"
"402","I","PCMA","Spread","SP.MSC",20,10,20,"no","no","Spread",20,1.30102999566398,1.30102999566398,10,"no","no"
"403","I","PCMA","Spread","SP.TSC",130000,0,130000,"no","none","Spread",130000,5.11394335230684,5.11394335230684,0,"none","no"
"404","I","PCMA","Spread","STSE",120,0,120,"no","none","Spread",120,2.07918124604762,2.07918124604762,0,"none","no"
"405","I","PCMA","SpreadwOverlay","HHR.TSC",38000,0,38000,"no","none","SpreadwOverlay",38000,4.57978359661681,4.57978359661681,0,"none","no"
"406","I","PCMA","SpreadwOverlay","SP.MSC",140,50,140,"yes","yes","SpreadwOverlay",140,2.14612803567824,2.14612803567824,50,"yes","yes"
"407","I","PCMA","SpreadwOverlay","SP.TSC",168000,0,168000,"no","none","SpreadwOverlay",168000,5.22530928172586,5.22530928172586,0,"none","no"
"408","I","PCMA","SpreadwOverlay","STSE",240,0,240,"no","none","SpreadwOverlay",240,2.38021124171161,2.38021124171161,0,"none","no"
"409","I","SMA","Pour","HHR.TSC",20000,0,20000,"no","none","Pour",20000,4.30102999566398,4.30102999566398,0,"none","no"
"410","I","SMA","Pour","SP.MSC",100,0,100,"no","none","Pour",100,2,2,0,"none","no"
"411","I","SMA","Pour","SP.TSC",91000,0,91000,"no","none","Pour",91000,4.95904139232109,4.95904139232109,0,"none","no"
"412","I","SMA","Pour","STSE",250,0,250,"no","none","Pour",250,2.39794000867204,2.39794000867204,0,"none","no"
"413","I","SMA","Spread","HHR.TSC",14000,0,14000,"no","none","Spread",14000,4.14612803567824,4.14612803567824,0,"none","no"
"414","I","SMA","Spread","SP.MSC",100,0,100,"no","none","Spread",100,2,2,0,"none","no"
"415","I","SMA","Spread","SP.TSC",90000,0,90000,"no","none","Spread",90000,4.95424250943933,4.95424250943933,0,"none","no"
"416","I","SMA","Spread","STSE",120,0,120,"no","none","Spread",120,2.07918124604762,2.07918124604762,0,"none","no"
"417","I","SMA","SpreadwOverlay","HHR.TSC",10000,0,10000,"no","none","SpreadwOverlay",10000,4,4,0,"none","no"
"418","I","SMA","SpreadwOverlay","SP.MSC",60,0,60,"no","none","SpreadwOverlay",60,1.77815125038364,1.77815125038364,0,"none","no"
"419","I","SMA","SpreadwOverlay","SP.TSC",68000,0,68000,"no","none","SpreadwOverlay",68000,4.83250891270624,4.83250891270624,0,"none","no"
"420","I","SMA","SpreadwOverlay","STSE",320,0,320,"no","none","SpreadwOverlay",320,2.50514997831991,2.50514997831991,0,"none","no"
"421","I","TSAwS","Pour","HHR.TSC",5000,0,5000,"no","none","Pour",5000,3.69897000433602,3.69897000433602,0,"none","no"
"422","I","TSAwS","Pour","SP.MSC",140,0,140,"no","none","Pour",140,2.14612803567824,2.14612803567824,0,"none","no"
"423","I","TSAwS","Pour","SP.TSC",30000,0,30000,"no","none","Pour",30000,4.47712125471966,4.47712125471966,0,"none","no"
"424","I","TSAwS","Pour","STSE",40,0,40,"no","none","Pour",40,1.60205999132796,1.60205999132796,0,"none","no"
"425","I","TSAwS","Spread","HHR.TSC",80,0,80,"no","none","Spread",80,1.90308998699194,1.90308998699194,0,"none","no"
"426","I","TSAwS","Spread","SP.MSC",180,15,180,"no","no","Spread",180,2.25527250510331,2.25527250510331,15,"no","no"
"427","I","TSAwS","Spread","SP.TSC",2580,30,2580,"yes","yes","Spread",2580,3.41161970596323,3.41161970596323,30,"yes","yes"
"428","I","TSAwS","Spread","STSE",0,0,0,"no","none","Spread",10,1,1,0,"none","no"
"429","I","TSAwS","SpreadwOverlay","HHR.TSC",820,0,820,"no","none","SpreadwOverlay",820,2.91381385238372,2.91381385238372,0,"none","no"
"430","I","TSAwS","SpreadwOverlay","SP.MSC",140,5,140,"no","no","SpreadwOverlay",140,2.14612803567824,2.14612803567824,5,"no","no"
"431","I","TSAwS","SpreadwOverlay","SP.TSC",18280,0,18280,"no","none","SpreadwOverlay",18280,4.26197619139781,4.26197619139781,0,"none","no"
"432","I","TSAwS","SpreadwOverlay","STSE",20,0,20,"no","none","SpreadwOverlay",20,1.30102999566398,1.30102999566398,0,"none","no"
"433","J","BHI","Pour","HHR.TSC",2610,0,2610,"no","none","Pour",2610,3.41664050733828,3.41664050733828,0,"none","no"
"434","J","BHI","Pour","SP.MSC",60,0,60,"no","none","Pour",60,1.77815125038364,1.77815125038364,0,"none","no"
"435","J","BHI","Pour","SP.TSC",3950,5,3950,"no","no","Pour",3950,3.59659709562646,3.59659709562646,5,"no","no"
"436","J","BHI","Pour","STSE",980,0,980,"no","none","Pour",980,2.99122607569249,2.99122607569249,0,"none","no"
"437","J","BHI","Spread","HHR.TSC",80,0,80,"no","none","Spread",80,1.90308998699194,1.90308998699194,0,"none","no"
"438","J","BHI","Spread","SP.MSC",120,0,120,"no","none","Spread",120,2.07918124604762,2.07918124604762,0,"none","no"
"439","J","BHI","Spread","SP.TSC",1320,15,1320,"no","no","Spread",1320,3.12057393120585,3.12057393120585,15,"no","no"
"440","J","BHI","Spread","STSE",0,0,0,"no","none","Spread",10,1,1,0,"none","no"
"441","J","BHI","SpreadwOverlay","HHR.TSC",20,0,20,"no","none","SpreadwOverlay",20,1.30102999566398,1.30102999566398,0,"none","no"
"442","J","BHI","SpreadwOverlay","SP.MSC",60,0,60,"no","none","SpreadwOverlay",60,1.77815125038364,1.77815125038364,0,"none","no"
"443","J","BHI","SpreadwOverlay","SP.TSC",840,0,840,"no","none","SpreadwOverlay",840,2.92427928606188,2.92427928606188,0,"none","no"
"444","J","BHI","SpreadwOverlay","STSE",20,0,20,"no","none","SpreadwOverlay",20,1.30102999566398,1.30102999566398,0,"none","no"
"445","J","PCMA","Pour","HHR.TSC",3450,0,3450,"no","none","Pour",3450,3.53781909507327,3.53781909507327,0,"none","no"
"446","J","PCMA","Pour","SP.MSC",40,0,40,"no","none","Pour",40,1.60205999132796,1.60205999132796,0,"none","no"
"447","J","PCMA","Pour","SP.TSC",3460,15,3460,"no","no","Pour",3460,3.53907609879278,3.53907609879278,15,"no","no"
"448","J","PCMA","Pour","STSE",1090,0,1090,"no","none","Pour",1090,3.03742649794062,3.03742649794062,0,"none","no"
"449","J","PCMA","Spread","HHR.TSC",1500,0,1500,"no","none","Spread",1500,3.17609125905568,3.17609125905568,0,"none","no"
"450","J","PCMA","Spread","SP.MSC",40,0,40,"no","none","Spread",40,1.60205999132796,1.60205999132796,0,"none","no"
"451","J","PCMA","Spread","SP.TSC",1740,37.5,1740,"yes","yes","Spread",1740,3.2405492482826,3.2405492482826,37.5,"yes","yes"
"452","J","PCMA","Spread","STSE",600,0,600,"no","none","Spread",600,2.77815125038364,2.77815125038364,0,"none","no"
"453","J","PCMA","SpreadwOverlay","HHR.TSC",1000,0,1000,"no","none","SpreadwOverlay",1000,3,3,0,"none","no"
"454","J","PCMA","SpreadwOverlay","SP.MSC",120,0,120,"no","none","SpreadwOverlay",120,2.07918124604762,2.07918124604762,0,"none","no"
"455","J","PCMA","SpreadwOverlay","SP.TSC",2920,0,2920,"no","none","SpreadwOverlay",2920,3.46538285144842,3.46538285144842,0,"none","no"
"456","J","PCMA","SpreadwOverlay","STSE",720,0,720,"no","none","SpreadwOverlay",720,2.85733249643127,2.85733249643127,0,"none","no"
"457","J","SMA","Pour","HHR.TSC",2530,0,2530,"no","none","Pour",2530,3.40312052117582,3.40312052117582,0,"none","no"
"458","J","SMA","Pour","SP.MSC",70,7.5,70,"no","no","Pour",70,1.84509804001426,1.84509804001426,7.5,"no","no"
"459","J","SMA","Pour","SP.TSC",260,90,260,"yes","yes","Pour",260,2.41497334797082,2.41497334797082,90,"yes","yes"
"460","J","SMA","Pour","STSE",860,0,860,"no","none","Pour",860,2.93449845124357,2.93449845124357,0,"none","no"
"461","J","SMA","Spread","HHR.TSC",880,0,880,"no","none","Spread",880,2.94448267215017,2.94448267215017,0,"none","no"
"462","J","SMA","Spread","SP.MSC",60,50,60,"yes","yes","Spread",60,1.77815125038364,1.77815125038364,50,"yes","yes"
"463","J","SMA","Spread","SP.TSC",2920,0,2920,"no","none","Spread",2920,3.46538285144842,3.46538285144842,0,"none","no"
"464","J","SMA","Spread","STSE",360,0,360,"no","none","Spread",360,2.55630250076729,2.55630250076729,0,"none","no"
"465","J","SMA","SpreadwOverlay","HHR.TSC",1560,0,1560,"no","none","SpreadwOverlay",1560,3.19312459835446,3.19312459835446,0,"none","no"
"466","J","SMA","SpreadwOverlay","SP.MSC",0,0,0,"no","none","SpreadwOverlay",10,1,1,0,"none","no"
"467","J","SMA","SpreadwOverlay","SP.TSC",2460,12.5,2460,"no","no","SpreadwOverlay",2460,3.39093510710338,3.39093510710338,12.5,"no","no"
"468","J","SMA","SpreadwOverlay","STSE",660,0,660,"no","none","SpreadwOverlay",660,2.81954393554187,2.81954393554187,0,"none","no"
"469","J","TSAwS","Pour","HHR.TSC",1220,0,1220,"no","none","Pour",1220,3.08635983067475,3.08635983067475,0,"none","no"
"470","J","TSAwS","Pour","SP.MSC",90,0,90,"no","none","Pour",90,1.95424250943932,1.95424250943932,0,"none","no"
"471","J","TSAwS","Pour","SP.TSC",3440,0,3440,"no","none","Pour",3440,3.53655844257153,3.53655844257153,0,"none","no"
"472","J","TSAwS","Pour","STSE",360,0,360,"no","none","Pour",360,2.55630250076729,2.55630250076729,0,"none","no"
"473","J","TSAwS","Spread","HHR.TSC",280,0,280,"no","none","Spread",280,2.44715803134222,2.44715803134222,0,"none","no"
"474","J","TSAwS","Spread","SP.MSC",80,5,80,"no","no","Spread",80,1.90308998699194,1.90308998699194,5,"no","no"
"475","J","TSAwS","Spread","SP.TSC",120,47.5,120,"yes","yes","Spread",120,2.07918124604762,2.07918124604762,47.5,"yes","yes"
"476","J","TSAwS","Spread","STSE",0,0,0,"no","none","Spread",10,1,1,0,"none","no"
"477","J","TSAwS","SpreadwOverlay","HHR.TSC",760,0,760,"no","none","SpreadwOverlay",760,2.88081359228079,2.88081359228079,0,"none","no"
"478","J","TSAwS","SpreadwOverlay","SP.MSC",60,0,60,"no","none","SpreadwOverlay",60,1.77815125038364,1.77815125038364,0,"none","no"
"479","J","TSAwS","SpreadwOverlay","SP.TSC",140,10,140,"no","no","SpreadwOverlay",140,2.14612803567824,2.14612803567824,10,"no","no"
"480","J","TSAwS","SpreadwOverlay","STSE",200,0,200,"no","none","SpreadwOverlay",200,2.30102999566398,2.30102999566398,0,"none","no"
